<configuration>

<property>
<name>dfs.datanode.data.dir</name>
<value>file:/space/d1,file:/space/d2</value>
</property>

<property>
<name>dfs.replication</name>
<value>2</value>
</property>

<property>
<name>dfs.blocksize</name>
<value>268435456</value>
</property>

<property>
<name>dfs.nameservices</name>
<value>netxillon</value>
</property>

<property>
<name>dfs.ha.namenodes.netxillon</name>
<value>nn1,nn2</value>
</property>

<property>
<name>dfs.namenode.rpc-address.netxillon.nn1</name>
<value>nn1.dilithium.com:9000</value>
</property>

<property>
<name>dfs.namenode.rpc-address.netxillon.nn2</name>
<value>nn2.dilithium.com:9000</value>
</property>

<property>
<name>dfs.client.failover.proxy.provider.netxillon</name>
<value>org.apache.hadoop.hdfs.server.namenode.ha.ConfiguredFailoverProxyProvider</value>
</property>

</configuration>
