<configuration>

<property>
<name>dfs.namenode.name.dir</name>
<value>file:/data/n1,file:/data/n2</value>
</property>

<property>
<name>dfs.replication</name>
<value>2</value>
</property>

<property>
<name>dfs.blocksize</name>
<value>268435456</value>
</property>

<property>
<name>dfs.nameservices</name>
<value>netxillon</value>
</property>

<property>
<name>dfs.ha.namenodes.netxillon</name>
<value>nn1,nn2</value>
</property>

<property>
<name>dfs.namenode.rpc-address.netxillon.nn1</name>
<value>nn1.dilithium.com:9000</value>
</property>

<property>
<name>dfs.namenode.rpc-address.netxillon.nn2</name>
<value>nn2.dilithium.com:9000</value>
</property>

<property>
<name>dfs.namenode.http-address.netxillon.nn1</name>
<value>nn1.dilithium.com:50070</value>
</property>

<property>
<name>dfs.namenode.http-address.netxillon.nn2</name>
<value>nn2.dilithium.com:50070</value>
</property>

<property>
<name>dfs.ha.automatic-failover.enabled</name>
<value>true</value>
</property>

<property>
<name>dfs.journalnode.edits.dir</name>
<value>/data/netxillon</value>
</property>

<property>
<name>dfs.namenode.shared.edits.dir</name>
<value>qjournal://nn1.dilithium.com:8485;nn2.dilithium.com:8485;hbm1.dilithium.com:8485/netxillon</value>
</property>

<property>
<name>dfs.client.failover.proxy.provider.netxillon</name>
<value>org.apache.hadoop.hdfs.server.namenode.ha.ConfiguredFailoverProxyProvider</value>
</property>

<property>
  <name>dfs.ha.fencing.ssh.private-key-files</name>
      <value>/home/hadoop/.ssh/id_rsa</value>
      </property>

<property>
  <name>dfs.ha.fencing.methods</name>
      <value>sshfence
                   shell(/bin/true)
                                  </value>
</property>
</configuration>
