<property>
<name>yarn.app.mapreduce.am.resource.mb</name>
<value>1024</value>
</property>

<property>
<name>yarn.nodemanager.resource.memory-mb</name>
<value>2048</value>
</property>

<property>
<name>yarn.scheduler.minimum-allocation-mb</name>
<value>512</value>
</property>

<property>
<name>yarn.scheduler.maximum-allocation-mb</name>
<value>1024</value>
</property>

<property>
<name>yyarn.scheduler.minimum-allocation-vcores</name>
<value>1</value>
</property>

<property>
<name>yarn.scheduler.maximum-allocation-vcores</name>
<value>2</value>
</property>

<property>
<name>yarn.nodemanager.pmem-check-enabled</name>
<value>false</value>
</property>

<property>
<name>yarn.nodemanager.vmem-check-enabled</name>
<value>false</value>
</property>

<property>
<name>yarn.nodemanager.vmem-pmem-ratio</name>
<value>2.1</value>
</property>

