<configuration>
<property>
        <name>dfs.http.address</name>
        <value>nn1.cluster1.com:50070</value>
</property>

<property>
        <name>dfs.secondary.http.address</name>
        <value>192.168.1.68:50090</value>
</property>

<property>
          <name>fs.checkpoint.period</name>
          <value>3600</value>
          <description>The number of seconds between two periodic checkpoints.
          </description>
</property>

<property>
        <name>fs.checkpoint.dir</name>
        <value>/data/secondary</value>
</property>

<property>
        <name>fs.checkpoint.edits.dir</name>
        <value>/data/secedits</value>
</property>


</configuration>
