<configuration>

<property>
<name>yarn.nodemanager.aux-services</name>
<value>mapreduce_shuffle</value>
</property>

<property>
<name>yarn.nodemanager.aux-services.mapreduce.shuffle.class</name>
<value>org.apache.hadoop.mapred.ShuffleHandler</value>
</property>

<property>
<name>yarn.resourcemanager.resource-tracker.address</name>
<value>nn2.cluster1.com:9001</value>
</property>

<property>
<name>yarn.resourcemanager.scheduler.address</name>
<value>nn2.cluster1.com:9002</value>
</property>

<property>
<name>yarn.resourcemanager.address</name>
<value>nn2.cluster1.com:9003</value>
</property>

</configuration>
