Namenodes
=========

<configuration>

<property>
    <name>dfs.namenode.name.dir</name>
    <value>file:/data/namenode</value>
</property>

<property>
  <name>dfs.nameservices</name>
  <value>mycluster</value>
</property>

<property>
  <name>dfs.ha.namenodes.mycluster</name>
  <value>nn1,nn2</value>
</property>

<property>
  <name>dfs.namenode.rpc-address.mycluster.nn1</name>
  <value>ha-nn1.hacluster1.com:9000</value>
</property>

<property>
  <name>dfs.namenode.rpc-address.mycluster.nn2</name>
  <value>ha-nn2.hacluster1.com:9000</value>
</property>

<property>
  <name>dfs.namenode.http-address.mycluster.nn1</name>
  <value>ha-nn1.hacluster1.com:50070</value>
</property>

<property>
  <name>dfs.namenode.http-address.mycluster.nn2</name>
  <value>ha-nn2.hacluster1.com:50070</value>
</property>

<property>
  <name>dfs.namenode.shared.edits.dir</name>
  <value>file:///mnt/filer</value>
</property>

<property>
  <name>dfs.client.failover.proxy.provider.mycluster</name>
  <value>org.apache.hadoop.hdfs.server.namenode.ha.ConfiguredFailoverProxyProvider</value>
</property>

<property>
  <name>dfs.ha.fencing.methods</name>
  <value>sshfence</value>
</property>

<property>
  <name>dfs.ha.fencing.ssh.private-key-files</name>
  <value>/home/hadoop/.ssh/id_rsa</value>
</property>

<property>
  <name>dfs.ha.fencing.methods</name>
  <value>sshfence
         shell(/bin/true)
  </value>
</property>

</configuration>
======================

Datanodes
=========

<configuration>

<property>
    <name>dfs.datanode.data.dir</name>
    <value>file:/data/datanode</value>
</property>

<property>
  <name>dfs.nameservices</name>
  <value>mycluster</value>
</property>

<property>
  <name>dfs.ha.namenodes.mycluster</name>
  <value>nn1,nn2</value>
</property>

<property>
  <name>dfs.namenode.rpc-address.mycluster.nn1</name>
  <value>ha-nn1.hacluster1.com:9000</value>
</property>

<property>
  <name>dfs.namenode.rpc-address.mycluster.nn2</name>
  <value>ha-nn2.hacluster1.com:9000</value>
</property>

<property>
<name>dfs.client.failover.proxy.provider.mycluster</name>
<value>org.apache.hadoop.hdfs.server.namenode.ha.ConfiguredFailoverProxyProvider</value>
</property>

</configuration>

