<?xml version="1.0"?>
<?xml-stylesheet type="text/xsl" href="configuration.xsl"?>

<!-- Put site-specific property overrides in this file. -->

<configuration>

<property>
<name>dfs.data.dir</name>
<value>/space/d1</value>
<final>true</final>
</property>

<property>
<name>dfs.replication</name>
<value>1</value>
</property>

<property>
<name>dfs.permissions.supergroup</name>
<value>hadoop</value>
</property>

<property>
<name>dfs.permissions.superusergroup</name>
<value>hadoop</value>
</property>

<property>
<name>dfs.datanode.data.dir.perm</name>
<value>700</value>
</property>

<property>
<name>dfs.datanode.address</name>
<value>192.168.1.72:1004</value>
</property>

<property>
<name>dfs.datanode.http.address</name>
<value>192.168.1.72:1006</value>
</property>

<property>
<name>dfs.datanode.keytab.file</name>
<value>/home/hadoop/dn.hdfs.keytab</value>
</property>

<property>
<name>dfs.datanode.kerberos.principal</name>
<value>dn/_HOST@CLUSTER1.COM</value>
</property>

<property>
<name>dfs.datanode.kerberos.https.principal</name>
<value>host/_HOST@CLUSTER1.COM</value>
</property>

<property>
<name>dfs.namenode.kerberos.principal</name>
<value>nn/_HOST@CLUSTER1.COM</value>
</property>

</configuration>
