Hadoop 1, we used the concept "pool" as well, but later it was standarized to queues

<allocations>

<pool name="ads">
<minMaps>10</minMaps>
<minReduces>5</minReduces>
</pool>


#Examples

  <queue name="sample_queue">
    <minResources>10000 mb,0vcores</minResources>
    <maxResources>90000 mb,0vcores</maxResources>
    <maxRunningApps>50</maxRunningApps>
    <maxAMShare>0.1</maxAMShare>
    <weight>2.0</weight>
    <schedulingPolicy>fair</schedulingPolicy>
    <queue name="sample_sub_queue">
      <aclSubmitApps>charlie</aclSubmitApps>
      <minResources>5000 mb,0vcores</minResources>
    </queue>
  </queue>

  <queueMaxAMShareDefault>0.5</queueMaxAMShareDefault>

  <!-- Queue 'secondary_group_queue' is a parent queue and may have
       user queues under it -->
  <queue name="secondary_group_queue" type="parent">
  <weight>3.0</weight>
  </queue>
  
  <user name="sample_user">
    <maxRunningApps>30</maxRunningApps>
  </user>
  <userMaxAppsDefault>5</userMaxAppsDefault>
  
  <queuePlacementPolicy>
    <rule name="specified" />
    <rule name="primaryGroup" create="false" />
    <rule name="nestedUserQueue">
        <rule name="secondaryGroupExistingQueue" create="false" />
    </rule>
    <rule name="default" queue="sample_queue"/>
  </queuePlacementPolicy>

</allocations>
